{"cameraMode":{"drawMode":0,"name":"Shaded","section":"Shading Mode"},"sceneLighting":false,"audioPlay":false,"sceneViewState":{"showFog":true,"showMaterialUpdate":false,"showSkybox":false,"showFlares":true,"showImageEffects":true,"showParticleSystems":true},"in2DMode":false,"pivot":{"x":1.4854806661605836,"y":26.866230010986329,"z":106.95548248291016},"rotation":{"x":0.19758905470371247,"y":-0.007321792654693127,"z":0.0014732327545061708,"w":0.9802564978599548},"size":358.92498779296877,"orthographic":false}