{"cameraMode":{"drawMode":0,"name":"Shaded","section":"Shading Mode"},"sceneLighting":false,"audioPlay":false,"sceneViewState":{"showFog":true,"showMaterialUpdate":false,"showSkybox":false,"showFlares":true,"showImageEffects":true,"showParticleSystems":true},"in2DMode":false,"pivot":{"x":118.7978515625,"y":-321.6618957519531,"z":-108.63219451904297},"rotation":{"x":-0.21337778866291047,"y":0.6647358536720276,"z":-0.20694637298583985,"w":-0.6853972673416138},"size":1467.5465087890625,"orthographic":false}