{"cameraMode":{"drawMode":0,"name":"Shaded","section":"Shading Mode"},"sceneLighting":false,"audioPlay":false,"sceneViewState":{"showFog":true,"showMaterialUpdate":false,"showSkybox":false,"showFlares":true,"showImageEffects":true,"showParticleSystems":true},"in2DMode":false,"pivot":{"x":29.843400955200197,"y":-17.7819881439209,"z":7.955297946929932},"rotation":{"x":0.18351469933986665,"y":-0.6606429219245911,"z":0.17137785255908967,"w":0.7074623107910156},"size":167.3344268798828,"orthographic":false}