{"cameraMode":{"drawMode":0,"name":"Shaded","section":"Shading Mode"},"sceneLighting":true,"audioPlay":false,"sceneViewState":{"showFog":true,"showMaterialUpdate":false,"showSkybox":true,"showFlares":true,"showImageEffects":true,"showParticleSystems":true},"in2DMode":false,"pivot":{"x":45.685890197753909,"y":-212.30615234375,"z":51.19366455078125},"rotation":{"x":0.4461110532283783,"y":-0.0667383074760437,"z":0.03338156268000603,"w":0.8918613195419312},"size":959.798583984375,"orthographic":false}